,i_Host,Host,Throughput,Throughputs,Uncert,Start
0,0,x1922c0s3b0n0,23.193979265482707,"[22.85133209 23.3052699  23.34124018 23.46570927 23.45800284 23.23069239
 22.8641981  23.48968656 23.45394525 23.18504565 22.71875319 23.5141967
 23.16839368 22.8367203  23.50618213 23.08695702 23.45422029 23.24034291
 23.19559979 23.37056069 23.0673856  22.76776312 23.4624747  23.42661029
 23.37131171 23.39379655 23.01568807 23.22246541 22.87792909 23.39557531
 23.1351614  23.02509447 22.5151696  23.6053655  23.0376262  23.07769973
 23.47073493 22.95947652 23.32504322 23.40803422 23.30635623 22.8361988
 23.48031029 22.54454662 23.4364243  23.25885654 22.89213512 23.08142839
 23.17537385 22.77787585 23.16269185 23.27232106 23.26102064 23.39277046
 23.54007403 23.44370434 23.47335188 23.44597169 23.02840842 22.98276006
 22.87302327 23.17349416 23.38094278 22.9086546  23.48361871 22.98764701
 23.39653322 23.2590594  23.00357706 23.6103118  23.09175509 22.99174309
 23.34117208 22.88322974 23.1751053  23.37499927 23.1830972  23.23636026
 22.9100323  23.41646177 23.06791772 23.05389135 23.1878009  23.04778093
 23.22057808 23.39222326 23.25649001 23.10102366 23.08049612 23.43738556
 23.35370944 23.06033737 23.09608839 23.1792013  23.22131949 23.30241879
 23.38900892 23.13797173 22.5572602  23.4841702 ]",0.2415628209195759,2023-09-14 14:45:57.920110
1,1,x1922c0s4b0n0,22.871458224978024,"[23.25655762 23.04326661 23.16732018 22.41260485 23.35098278 22.85453091
 23.26913959 23.25243424 22.74976397 23.07643492 22.60231787 23.08449213
 23.20979918 23.15471401 23.08076247 23.07317369 23.00734797 23.19338061
 22.56820535 22.77223495 22.15127661 22.47828738 22.81561843 22.59306224
 22.44385529 22.34499556 22.49061017 22.76795751 22.82271316 22.74633571
 22.73793113 22.40011648 22.7183661  22.48561623 22.53419564 22.38169178
 22.09999696 22.49421477 22.58426046 22.63800695 22.32379549 22.86164987
 22.67689395 23.11403889 22.99042162 23.1925065  23.16148477 22.82857453
 22.93966009 23.11824694 22.68911376 23.20609624 22.25393408 23.20326934
 22.85714286 23.16463687 23.05708069 23.07909784 23.28092216 23.16074717
 22.9809775  23.0902888  23.15987552 23.14801419 22.6833881  22.63025835
 22.77690308 22.95644588 22.72817669 22.50079456 23.26622965 22.59459368
 23.11891503 22.5738093  22.86066993 23.27421682 23.16738727 23.16316131
 23.04426227 22.51200171 23.08469196 23.2323115  22.43535812 22.60908885
 23.21626532 22.46383323 22.66115623 22.53514779 22.85877563 23.0098626
 23.28119316 22.89252816 22.88375339 23.2508799  22.92401549 22.82512247
 23.04665219 22.98520328 23.31572996 23.33599753]",0.30767768881332724,2023-09-14 14:45:58.485797
2,2,x1922c0s7b0n0,23.027904892755068,"[23.5834456  23.06638795 23.39181287 22.73140571 23.34716653 23.05887507
 22.627634   23.31036291 23.31240074 23.24858256 22.90098188 23.27123791
 22.58929832 23.32966863 23.24290873 23.10235788 23.09368821 23.33320695
 23.40016029 23.33211812 22.73231    23.31131385 22.66083528 23.37889295
 23.30425157 22.24156002 23.10609452 23.47528053 23.21828672 22.92874606
 22.95815876 22.73754338 22.70327949 23.15478103 23.24716385 23.0866239
 23.1564566  23.43779755 23.24770429 23.31872027 22.66231173 23.04718335
 22.48852383 23.35793703 22.30139216 23.01118631 23.11777931 22.91810502
 22.98910029 23.35759604 23.31477866 23.13415787 23.21242561 22.83515586
 22.73528175 22.55865956 23.08522488 23.1892796  23.20851985 22.85185429
 23.2321091  23.14694258 23.24513741 22.47393024 22.82395031 23.24554267
 23.24837988 22.36986332 23.27726422 22.94933361 23.20212531 22.61413779
 23.28322589 23.34961969 23.12934217 23.04339936 22.39967744 23.07576929
 22.71036899 23.22051068 22.86014733 22.58037201 23.18854022 23.08768993
 22.92296451 23.08395925 22.52410783 22.81906761 23.30153645 22.59925309
 23.19338061 23.11597574 22.35304965 22.59618915 23.17134631 22.51871868
 23.22873627 23.09302158 23.09688856 23.35896006]",0.30591780994768075,2023-09-14 14:45:57.835442
3,3,x1922c1s1b0n0,22.950708947881914,"[23.16591136 23.03955027 22.80521213 22.48334125 23.1308803  22.9835524
 22.99769161 23.10162404 23.05628327 22.77696793 22.80287202 23.25466474
 22.8171802  23.06193282 23.17698525 22.92007483 23.14131825 22.32173998
 23.06352849 22.87963027 23.20501925 23.06505788 23.01793961 22.92165093
 23.02661877 22.76782792 23.2255667  23.05037082 22.86269523 23.06459239
 22.86772735 23.13870788 22.97563147 23.16933307 22.65114686 22.97286044
 22.62885009 22.69297539 23.25615198 23.01204681 22.89449359 23.14479965
 23.01118631 22.72288308 22.92362136 22.87616275 22.93361007 22.8919386
 23.12071905 22.3204944  22.97417989 23.12693507 22.51808484 23.07789945
 23.08322657 22.96118985 22.95249408 23.07763316 22.88100448 22.90714588
 22.8375678  22.67207396 23.01204681 22.37937517 23.11096731 23.12573171
 22.64447885 23.29034324 23.00926698 23.22529699 23.03623312 22.543149
 22.84193665 23.08302676 23.21963452 23.06479188 23.12265702 22.67348761
 23.09275494 22.63275526 23.01575428 23.2967865  22.96415582 22.59682741
 23.16342958 23.05369205 22.81841674 23.02204649 23.26521472 23.22590385
 22.69207423 22.93334709 23.10629473 22.45204384 22.95499673 23.19600333
 22.88977714 22.67368039 22.93472776 23.24473216]",0.22079457885998724,2023-09-14 14:45:58.548429
4,4,x1922c1s2b0n0,23.241537374219607,"[23.76997792 23.67641444 23.48720388 23.41070572 23.54679484 23.50438651
 23.49651664 23.09635511 23.49513651 23.41235001 22.6877625  23.43189374
 23.20320204 23.46619109 23.38729953 23.21498527 23.37131171 23.21256032
 23.34825676 23.4336783  23.46116737 23.28119316 23.26149409 23.44370434
 23.48913481 23.36455422 23.36202969 23.43800355 23.39810709 23.12900782
 23.44459749 23.46653525 23.26697398 23.15746206 23.17208459 23.40899315
 22.99676608 22.89875316 23.06299658 23.24405679 23.25169083 23.41988934
 23.43786622 23.38784651 22.66237592 23.26399693 23.20569236 23.29570107
 23.3780048  23.39454907 23.47101037 22.87577027 23.05688133 23.22192614
 23.24892038 23.38600056 22.4990227  23.15806538 23.40947264 23.30404791
 23.26873351 23.36421303 23.01462867 23.36407656 23.17933562 23.3842916
 23.17698525 23.38477008 23.31097422 22.90491597 22.66950413 22.87269629
 23.5267823  22.64806883 23.14801419 23.21761288 23.25980328 23.25378601
 23.31939999 22.98883605 23.53349552 23.41152784 23.35800523 23.1043595
 23.26650031 23.42112351 23.23919523 22.39271789 23.20024128 23.21094396
 23.28898722 22.6660358  22.92716898 22.73864205 22.81054417 23.39188126
 23.22725254 23.22954566 23.44143743 23.30737474]",0.2520805845115618,2023-09-14 14:45:58.398825
5,5,x1922c1s4b0n0,23.46849947195904,"[23.6232098  23.88993905 23.531142   23.00767881 23.78411162 23.05927386
 23.8561     22.60691659 23.73584379 23.10516025 23.03901946 23.33708671
 23.65401276 23.77485215 23.42475821 23.53910434 23.7476104  23.12432795
 23.60912729 23.4259929  23.57288293 23.62341908 23.66492828 23.71761804
 23.41235001 22.24842592 23.38613728 22.90996669 23.64660154 23.80555622
 23.46467686 23.61526018 23.58156865 23.77471084 23.46687943 23.43141332
 23.38442831 23.65408269 23.61505105 23.7339425  23.40789724 23.54762655
 23.66695856 23.35568667 23.09535495 22.77943245 23.32647146 23.4668106
 23.36455422 23.29034324 23.58149913 23.611148   23.64967733 23.52934256
 22.75617048 23.78913312 23.54450795 23.61226303 23.69513835 23.57392488
 23.57357756 23.38900892 23.38948759 23.73675934 23.50777079 23.72901465
 23.40700689 23.69113863 23.2699518  23.75198181 23.52629799 23.65541162
 22.68396697 23.76764748 23.63954423 23.6879819  22.98619392 23.61553902
 23.59638385 23.47865643 23.45497671 23.44047584 23.47121695 23.517169
 23.13195043 23.72141569 23.75162921 23.31899215 23.4570399  23.2168717
 23.53411859 23.69092815 23.33912922 23.53688819 23.4931356  23.61093895
 23.15746206 23.56288492 23.33783559 23.79245839]",0.2880529481206538,2023-09-14 14:45:58.619849
6,6,x1922c1s5b0n0,23.35580400842965,"[23.91193235 23.25987091 23.71930574 23.0139004  23.30112923 23.2563548
 23.25054203 23.4931356  23.57892751 23.51682335 23.23541542 23.15732799
 23.43079568 23.18692721 23.29692219 23.52975779 23.53633422 23.54561669
 23.3018758  23.261697   23.25243424 23.44961411 23.49955351 23.54229078
 23.58170767 23.20730798 23.4848596  22.95282334 23.54929014 23.57656489
 23.5801785  23.42942326 22.72036625 23.52083358 23.35827803 23.56906325
 23.4946535  23.28837706 23.14928686 23.51060328 23.5656613  23.44102531
 23.44610912 22.74258521 23.74309966 23.46027296 23.48527327 23.20199073
 23.35091463 22.77171639 23.49382553 23.22698279 23.31505045 23.31287628
 23.33844834 23.36216614 23.48479066 23.45745258 23.20757727 23.2088565
 23.42208351 22.0670784  23.60063014 23.23919523 23.19022068 23.56954932
 23.47590052 23.61811864 22.85577151 23.53626497 23.40762328 23.44555941
 23.24230099 23.37807312 23.29658297 23.47872534 23.53038066 23.28051566
 23.49368754 23.48741075 23.61888566 22.94742458 23.39140249 23.57156327
 23.48437702 23.4677055  23.56177456 23.41557077 23.40776026 23.08702365
 23.48479066 23.39119731 23.37937121 23.51267627 23.34709839 22.80046741
 22.84578524 23.6088486  23.06931464 23.45291388]",0.2550692231559731,2023-09-14 14:45:58.706952
7,7,x1922c1s7b0n0,23.347796866182183,"[23.80909865 23.59777591 23.62111728 23.7990409  23.43141332 23.70173734
 23.70925343 23.12078588 22.64544034 22.85746939 23.56059491 22.96606764
 23.43656162 23.54353789 23.3000434  23.5780241  23.44514715 23.46116737
 23.70855079 23.5087379  23.72978889 23.4624747  23.34818862 23.6403825
 23.56809116 23.23366093 23.29719356 23.27360744 23.52270088 23.30384426
 22.73398959 23.53744219 23.60641032 23.65212455 23.28017693 23.24804208
 23.55088463 23.30567726 23.49210078 23.6433868  23.58615728 22.83854576
 23.47838081 23.50949784 23.50887607 22.92250474 22.92145391 22.93098061
 23.40906165 23.36994625 23.46268114 23.04718335 23.47011521 23.54783448
 23.31267248 23.50625119 23.13536211 23.44377304 23.52366922 23.40563725
 23.54423078 23.54942878 23.37465778 22.96086034 23.5867136  23.49361855
 23.517169   23.22563413 23.58761768 23.03755986 23.04990593 23.47348963
 23.06924812 23.00688481 22.94044946 23.18806974 23.18000724 22.85982072
 23.60585307 23.13375649 23.37657025 23.18195517 23.4624747  23.25594916
 23.34219364 23.51136334 23.30072203 22.79936276 23.32409116 23.41872386
 22.89134907 23.50231498 23.37984949 22.97325626 23.49106605 23.39099213
 23.37704841 22.81997889 23.47101037 23.56212153]",0.26177272748236624,2023-09-14 14:45:58.744089
8,8,x1922c2s0b0n0,23.013526516208216,"[23.33334306 22.82284338 23.06080269 23.03656479 23.15940619 23.23055748
 22.8794994  23.07324023 22.53267237 22.87387346 23.11737849 23.31185728
 23.23953277 23.39085535 22.72675621 23.41029468 23.21309915 22.18598511
 23.29868625 22.67528705 23.22111728 23.26041194 22.84558952 22.67599406
 23.10249131 23.21828672 22.75727095 22.31177922 23.01827075 23.15746206
 22.90353888 23.23960028 23.38353974 23.02701645 22.50098442 23.20279826
 22.99339515 22.71359295 23.14118437 23.30011126 23.13429167 22.3709893
 23.35575486 23.01933048 23.16403321 22.91173826 23.18961569 23.30418368
 23.09735535 23.01231159 23.20205802 23.16872917 23.22543185 22.94466035
 23.13469307 22.88669939 22.97154113 23.1925065  23.01986038 23.12887409
 23.02588973 23.17040676 22.83593806 23.21080927 22.99788994 22.98276006
 23.26595899 23.11277009 22.69683833 22.95980599 23.27997369 23.18484407
 22.9873828  22.96158527 22.54785077 23.06432641 23.23285125 22.7978684
 23.14486661 22.87112692 23.17604524 23.00668632 22.28052292 22.63614936
 23.12780425 23.14734442 22.7974786  22.9390681  23.13844018 23.01648268
 23.01429763 22.97853518 22.73405419 22.78767301 23.01933048 22.86367534
 23.16148477 22.72565869 23.14955481 23.33899304]",0.25100940968812613,2023-09-14 14:45:58.206349
9,9,x1922c2s2b0n0,23.10426914206495,"[23.59638385 23.271441   23.28878383 23.1804774  23.36851268 23.38914568
 23.25074475 23.01866814 23.24797452 22.88381885 23.50749448 23.00595854
 23.35234604 23.42174065 23.2607501  23.24297626 23.11043321 23.14453182
 23.01774092 22.77424461 23.52290837 23.27110253 23.35834623 23.18141778
 22.91508529 23.37534077 23.0928216  23.3092083  23.31838042 23.22273506
 23.25811272 23.17148054 22.24434299 23.30513412 22.75028153 23.30024698
 23.23379588 23.29956838 23.31722502 22.80157217 23.36680628 23.02284154
 23.17161477 23.31668134 23.07636836 22.49320284 23.00787732 22.9809775
 23.17698525 22.762192   23.29163161 23.10289162 22.83509068 23.17389692
 23.02410048 23.22502729 22.74911705 22.84656816 23.47576274 22.5073782
 23.26244104 22.92716898 23.39598583 23.24297626 23.15779723 23.18182082
 22.95868584 23.16342958 23.08675715 23.22044328 22.67155995 22.43227556
 23.16262479 23.17584382 23.0355698  23.2851912  22.44240717 23.38039612
 22.67670111 22.74931112 23.15143061 23.04558994 23.21565896 23.01688
 23.17946994 22.90078521 23.23123207 23.31953594 23.10989913 22.61727055
 23.11230268 23.18383623 22.95618239 23.23237897 23.05993855 22.77865412
 23.15417788 23.06698653 23.15726096 23.13777096]",0.2533628273829158,2023-09-14 14:45:59.209893
10,10,x1922c2s3b0n0,22.99520327438954,"[22.95677526 22.71269015 23.39564373 23.14419703 23.33130157 23.25081233
 23.15880281 22.55223662 23.22961311 23.20441348 22.65576547 23.23541542
 22.88925321 23.41050019 23.01151726 23.0524963  22.86622401 23.11163497
 23.15873576 22.48119308 22.88997362 22.91390387 23.15411087 23.08875606
 23.00873757 23.33735903 23.14794721 23.31756483 22.64710712 23.19734854
 22.69658076 23.37349679 22.81789608 23.05588458 23.40372002 22.40952853
 23.22651074 22.90917942 23.05455572 23.22435306 22.88303337 23.10429278
 22.49377204 23.24000535 22.86400206 22.92191364 23.13422477 22.87478912
 22.83932818 23.01297356 23.23413327 22.66699912 23.21707384 22.84115405
 22.84617669 23.11323753 23.26629731 23.07503714 22.95539193 22.41612167
 22.91488838 23.28837706 23.16034486 22.90111299 22.47740319 23.04784733
 23.19338061 23.13402408 22.97279447 22.55522506 23.15471401 23.14319272
 22.78384398 23.09482156 23.00701714 22.82675067 22.89921198 22.90806421
 23.23777766 22.89770451 22.89003911 22.78494712 22.27921989 23.10869754
 23.01409901 23.01760847 23.03702914 22.75552319 23.12165459 23.05980561
 22.76044349 22.67927256 22.79578962 23.20838519 23.20515386 23.02661877
 23.1698699  23.02072153 23.03702914 23.26622965]",0.24135840139255346,2023-09-14 14:45:59.159183
11,11,x1922c2s4b0n0,23.369652742017987,"[23.42283785 23.54554739 23.49762087 23.25831557 23.48265366 22.7537757
 23.02376916 23.62746575 23.45002653 23.00913463 23.67431248 23.64254831
 23.4521576  22.02612849 23.62802402 23.46123617 23.58024801 22.51111486
 23.74887935 23.45057644 22.62917013 23.70054363 23.54568599 23.05987208
 23.49141095 23.63095537 22.7271436  23.57573114 23.41043169 23.45408277
 23.52000376 22.73928837 23.54028184 23.36121105 23.5020388  23.60912729
 23.52629799 23.56802173 23.30723894 23.45937862 22.92322725 23.35493665
 23.66681853 23.41235001 23.61337816 23.27990595 23.33667826 23.52851215
 23.49617159 23.54436936 23.53979697 23.19829029 23.39023984 23.19882846
 23.62028037 23.51246896 23.34934709 23.34662145 23.50017478 23.31606973
 23.50107224 23.38176281 23.56052552 23.26873351 23.62641906 23.46763666
 23.34471388 23.55449037 23.55948475 23.35595942 23.53488016 23.31403126
 23.61365696 23.29461574 23.23764266 23.40714386 23.12633338 23.38866702
 23.48120623 23.39352292 23.37322364 23.47280089 23.06319604 23.27990595
 23.67571375 23.14486661 23.45944741 23.22327437 23.44576555 23.39885989
 23.50486992 23.39988651 23.40146084 23.48878997 23.35534575 23.43717957
 23.01495972 23.32313918 23.18813695 23.16919887]",0.26921654929795624,2023-09-14 14:45:58.688495
12,12,x1922c2s6b0n0,23.223800851770775,"[23.52221673 23.52692068 23.44631527 23.39345451 23.51385113 23.42928602
 23.02522701 23.6286521  22.85009197 23.55171663 23.26196756 23.55830533
 23.04253652 23.36728405 23.45270762 23.43326645 23.1830972  23.13034528
 22.7865696  23.45635213 22.99167701 23.28132867 23.46467686 23.3601196
 23.42338649 23.3841549  23.25892416 23.32205129 23.43436474 23.5036269
 23.13710179 23.1712792  23.14828211 22.74025793 23.23933024 22.83893696
 23.23501051 23.33266252 23.2623734  23.47121695 23.24547512 23.13783788
 23.17826111 23.41324077 23.09735535 22.96659509 23.37909792 23.20300015
 23.49582655 23.43779755 23.21606319 22.68853463 23.18894351 23.17852973
 22.18284767 23.46440157 23.29522623 23.54575529 23.23244643 22.65461064
 23.14379529 22.65884559 22.90609646 23.5842799  23.29570107 23.27374285
 23.12499639 23.40830819 22.73179325 23.19008624 23.14680863 23.28966521
 23.25344805 23.37083378 23.03941756 23.35820983 23.19217032 23.22873627
 23.49907032 23.1187146  22.87053846 23.08422568 22.76627291 23.1787312
 23.29441225 23.06419342 23.39913365 22.9579611  23.33143765 23.04426227
 23.390445   23.34137638 22.81952324 23.48320511 23.28424239 23.42256354
 23.30452312 23.39906521 22.91232884 23.45415153]",0.2520886103494057,2023-09-14 14:45:58.613058
13,13,x1922c3s0b0n0,22.88243493640709,"[23.33531684 23.29597242 23.02913762 23.12653394 22.95321847 23.23663022
 22.93439902 22.54994814 23.0408774  22.86112723 23.23102969 22.9923378
 23.02184773 22.73566942 22.65435403 22.92920608 22.66648533 23.26656798
 23.03550347 23.00503235 22.68750514 23.0673856  23.1968777  22.94156783
 22.6041699  22.89521433 23.22934331 22.74504229 22.60787489 22.82141105
 23.04260289 23.04439503 23.08828962 22.6917524  21.93890563 22.96013546
 22.88087359 23.08129521 22.91114771 22.91331321 23.04147465 22.92204499
 23.08922253 22.91042596 22.76763353 22.43894503 22.91357572 22.68094432
 22.64249203 22.88990813 22.77534683 22.83261411 22.81301597 23.10776305
 22.98474101 23.00675248 22.86223787 22.63807101 22.83874136 22.5543348
 22.28368806 22.68062281 22.04561237 22.781638   22.62257903 23.27414911
 22.26025015 23.07876494 22.98989307 22.61145327 23.24473216 22.51295198
 23.16685055 22.53908418 23.04273563 22.967716   23.12218921 22.96705663
 23.10049002 23.15612147 23.06160042 22.87963027 22.94025211 22.5142825
 22.93111207 22.50319967 23.11397211 23.18726324 22.79507512 23.09062203
 23.07876494 22.37205283 23.07377262 22.50244011 22.87210775 23.03948392
 22.8927902  22.55859595 22.95960831 23.4677055 ]",0.27151646199968926,2023-09-14 14:45:59.074715
14,14,x1922c3s1b0n0,23.55858619168889,"[23.67017972 23.63284019 23.19109462 23.61700306 23.59728867 23.54762655
 23.71389189 23.42084924 23.77273268 23.67788604 23.76355265 23.78856721
 23.19586882 23.82498168 23.78991129 23.7827682  22.68055851 23.83662378
 23.39578057 23.93998246 23.79189232 23.68223181 22.84063234 23.36742056
 23.22988292 22.95618239 23.55005269 23.10142391 23.67949799 23.54291432
 23.01270877 23.19546529 23.74627109 23.19479277 22.64864589 23.23838516
 23.83136923 23.6504464  23.66051888 23.64932777 23.81994504 23.67669473
 23.56552246 23.91622148 23.55664047 23.79203383 23.52733582 23.72760707
 23.76976605 23.73654805 23.73901329 23.54984472 23.74570722 23.46928897
 23.62390739 23.72240047 23.7056704  23.7288035  23.63723929 23.63158361
 23.48168869 23.58782632 23.37062896 23.41584492 23.70623237 23.74937287
 23.50045091 23.82427217 23.68237203 23.06339551 23.78354595 23.7526165
 23.60216196 22.98480704 23.4968617  23.68096997 23.73450582 23.37991782
 23.47507387 23.74951388 23.66184852 23.65786003 22.84545904 23.20192344
 23.66212847 23.84536282 23.62886147 23.77499346 23.58066503 23.69429619
 23.66534831 23.67361191 23.42894294 23.76750625 23.65275392 23.4772784
 23.61930406 23.51523346 23.68917434 23.74218363]",0.2672908996879593,2023-09-14 14:45:58.411147
15,15,x1922c3s2b0n0,22.80062115997657,"[22.81275575 23.35759604 22.75008745 22.96474911 22.69297539 22.92486947
 22.63928822 22.79637424 22.43938561 23.19136354 22.42290724 22.62200329
 23.30384426 22.93130926 22.48454188 22.950387   22.50718823 22.80189712
 23.01456246 22.64813294 22.82323405 22.89344532 22.78605038 22.74769395
 23.05854276 22.57221699 22.52645451 22.49294987 22.82531784 22.99280038
 22.60659717 22.72817669 22.97160709 22.51219176 22.96310117 22.6259061
 22.93459627 22.38939638 22.7073393  23.01688    22.66346734 22.90150635
 22.59197759 22.5986147  22.25888756 22.64582496 22.98375049 22.63397189
 22.85100573 22.31906215 22.57081593 22.46389631 22.33694727 22.85714286
 22.83411302 22.66654956 22.98863787 22.57310866 22.86047395 22.77897842
 22.74071042 22.53337051 22.60250944 23.03596778 22.53711581 23.05090215
 22.49061017 22.71978553 22.85322516 22.58285792 22.60902496 22.87668608
 22.69497108 22.89580406 22.99504744 22.64678656 21.90952462 22.58419671
 22.84161056 22.48643787 22.74342573 22.47689796 22.88728869 23.18605359
 23.3455995  23.03391168 23.27184717 23.16222242 23.10395915 22.95677526
 23.28139642 22.91987784 23.03583512 23.19896301 23.3641448  23.19452377
 22.96217842 23.19062403 23.13241864 23.1175789 ]",0.27089136724674223,2023-09-14 14:45:59.012807
16,16,x1922c3s3b0n0,22.962206262918173,"[23.64122083 23.69710362 23.44782712 22.97926122 23.52131766 22.779173
 22.6431329  22.63243511 22.71011111 22.7017977  23.04837855 23.2849201
 22.97833717 23.270561   22.76543069 23.23771016 22.75986071 23.40666446
 23.07683432 22.79293191 22.86570116 23.17497103 22.81093442 23.45236385
 23.11824694 23.13422477 22.90675234 22.69316851 23.40324076 22.73709102
 22.98804334 22.81932797 23.01959543 22.62872207 22.85962476 22.76873511
 23.19775214 22.77768129 22.95644588 22.96903487 22.83906737 22.84095841
 23.13101406 22.89947417 22.72469038 23.19855937 23.07184283 22.67021078
 22.91849895 23.26460581 22.776514   22.9550626  22.75248144 22.88604466
 23.11236945 22.85172373 23.3155261  23.1019576  22.94262051 22.83743741
 22.87629358 22.71585027 22.79299685 22.35055164 23.09062203 22.87727486
 22.72210861 22.94426551 22.66629267 23.21700646 23.17409831 22.58999997
 23.13409097 22.77962704 22.85969008 22.80222208 23.10042332 22.85786125
 22.97708323 23.09708861 23.16047896 23.15498208 22.64531214 22.91403513
 23.02184773 23.11884822 23.00867139 23.20300015 23.00635551 22.7355402
 22.68872767 22.7586305  23.06020443 22.56228601 22.7907891  23.01899931
 22.69452041 23.14138519 22.80898332 23.35425485]",0.24684135614857894,2023-09-14 14:45:58.551869
17,17,x1922c3s4b0n0,23.27592236324714,"[23.67823644 23.47576274 23.54312217 23.67893729 23.73154872 23.61553902
 23.20798122 23.62474456 23.62132651 23.49023834 23.10028991 22.93446477
 23.56316253 23.60501725 23.4881693  23.42372941 23.63074596 23.43903361
 23.04134193 23.23264884 23.18289566 23.26277926 23.62118702 23.2746231
 23.04247015 22.83450408 23.1443979  23.59116511 23.51198523 23.53820398
 23.5047318  23.53612648 23.71241582 23.21909538 22.92598632 23.54506231
 23.39037661 23.10569411 22.49288662 23.68573763 23.24621813 23.43717957
 22.82974716 23.26460581 23.05741296 23.00311405 23.63898541 23.24297626
 23.49651664 22.7759304  23.1624236  23.20145241 23.06432641 23.60912729
 23.38695768 22.75901897 23.35316406 22.54899474 23.0121792  23.26697398
 23.3842916  23.4834119  23.19788667 23.45600826 22.64794059 23.24986631
 23.11524103 23.49327358 22.73508791 23.55345014 23.5640648  23.50155551
 22.89337981 23.0805627  23.42997221 23.47521164 23.27970272 22.97074962
 23.4061166  23.53349552 23.46832509 23.44212433 23.17161477 23.05236344
 23.1965414  23.38504351 22.56655017 23.20192344 23.50217689 22.81444725
 23.49106605 23.1040926  23.4258557  23.31620564 22.98936455 23.02661877
 22.7165598  23.42722771 22.61579996 23.62139626]",0.2998925950781588,2023-09-14 14:45:58.968137
18,18,x1922c3s5b0n0,22.86226402324605,"[23.2334585  22.96033315 23.01257637 22.75545847 23.1292753  23.09775548
 22.47462474 22.79423078 23.00781115 22.89737682 22.94854363 22.8125606
 22.96534243 23.17033965 22.9032766  22.98493912 22.94419971 23.03782523
 22.84448049 22.93841037 23.1367003  22.89246266 22.88473531 22.25715359
 23.20629819 22.87753655 22.97820517 22.88866382 22.79507512 23.01290736
 22.62513823 23.11397211 22.37918736 23.09588835 23.08595768 22.43397401
 22.54346662 22.55668778 22.69336162 23.14319272 22.93006045 22.9427521
 22.81314608 22.53083204 22.99841886 22.64909474 23.13870788 22.98850575
 22.94755623 22.84741639 22.75073442 22.95065036 23.17356128 22.87138846
 22.61880527 23.12172141 22.85094046 22.87819079 22.90576853 22.73489408
 22.36817456 22.86432879 22.79559475 22.45273699 22.71146503 22.99319689
 22.385011   23.07536993 22.93998899 22.89606617 22.73715564 22.99868333
 22.84983091 22.55643338 22.94617401 22.89154558 23.0139666  22.96976031
 23.28153192 23.11210236 23.15176561 22.33214601 22.51548643 22.70837059
 22.97259656 22.88447346 22.62859406 23.03795792 22.77255907 22.98124156
 23.1176457  22.81112955 22.858645   22.83554695 22.91508529 22.5314666
 22.81021898 22.47752949 22.86426344 23.02403421]",0.22111160199050867,2023-09-14 14:45:58.898422
19,19,x1922c3s7b0n0,22.95083203543745,"[23.32946453 23.32171135 22.88309883 22.89816328 23.191498   23.383198
 22.49529005 22.85603271 23.24236851 22.89265918 23.13924329 23.23028765
 23.14774628 23.06312955 23.1857176  22.8824443  23.15987552 22.78981523
 23.33381945 22.91088525 22.51187501 22.70050934 22.75539374 22.87165002
 22.30593143 22.66256852 23.21552422 23.0729075  22.92769465 23.08289356
 22.98064742 22.97807317 22.64653013 22.72966192 23.13777096 22.816139
 22.40626479 23.15840057 22.74885829 22.47329891 23.25189358 22.40657857
 23.05641617 22.65871723 22.76847591 23.12111999 23.09482156 22.4696379
 23.12392691 23.0254921  22.74271451 22.68731212 23.51433493 22.56712309
 22.70269963 22.7985181  22.34967747 23.26061484 22.76329305 22.77379078
 22.99835274 22.51814822 22.53603653 23.36578256 23.33756327 23.04837855
 23.11884822 23.08003    22.61477706 23.06366147 22.91954952 22.38432202
 23.27888983 23.02363664 23.04691776 23.17584382 23.0507029  22.94110731
 22.78306535 23.28268379 23.21828672 23.29814343 23.19492727 22.3408771
 22.95104542 23.00139446 23.05110141 23.38128445 23.11584215 22.91403513
 23.28295484 22.95427222 22.71617278 23.16007666 22.93387304 23.07563617
 23.0994895  22.81438219 23.17933562 23.17557526]",0.2780629794668595,2023-09-14 14:45:58.257943
20,20,x1922c4s0b0n0,23.070202085239497,"[23.38107945 23.1857176  23.44892677 23.26311749 23.29685434 23.2514881
 23.19600333 23.24628568 22.90176859 23.36550959 23.28573341 23.44686501
 23.17228595 23.41324077 23.01734357 23.41474836 23.14660772 23.21067459
 22.96679289 22.66462307 23.36899052 23.32524725 23.29108912 23.34464576
 23.06073621 23.38217285 23.25953277 22.43963738 23.2229373  23.24837988
 23.25081233 23.19385131 22.99048769 22.74866423 23.33034899 23.24594794
 23.12218921 22.37286619 23.26433519 22.66590736 22.67033926 23.25236665
 22.43365946 23.21377273 22.9723327  22.85453091 23.32048763 23.10209103
 23.12513008 23.08615754 23.21195416 23.27699331 22.99716273 22.98520328
 22.56705943 22.64229978 22.63595722 23.18269412 23.24236851 22.71011111
 23.35452757 22.79650416 22.51814822 23.12967653 22.94354168 22.92927179
 22.86981927 23.28363248 23.27482624 23.03570246 23.37793649 22.59548712
 23.25493513 22.90990109 23.01681378 23.21027054 23.13014465 23.05428997
 23.01588672 22.7533227  23.04698416 23.36591905 23.19566705 23.21512001
 22.52334686 23.2009814  23.23406579 22.83411302 23.04081104 22.63621341
 23.29977195 22.91725153 23.11624292 21.92501644 23.28336142 23.24432693
 23.09748873 23.06931464 23.17772389 23.25473234]",0.2821972040100775,2023-09-14 14:45:58.486118
21,21,x1922c4s1b0n0,23.218232661060213,"[23.37759491 23.69429619 23.50134839 23.4573838  22.8277277  23.498104
 23.56350955 23.43010945 23.29102131 23.56115002 23.17604524 22.79390605
 23.39667007 23.35820983 23.24459708 23.60049089 23.36366716 23.5097051
 22.80963365 23.18968291 23.32157537 23.20454809 23.63479515 23.18907794
 23.06652096 23.56850776 22.91738283 23.49044526 23.33490844 22.94137046
 23.4792766  23.17255443 23.34968784 23.26244104 23.21680432 23.29549756
 23.11049997 22.84291498 22.73806039 22.72636884 22.57266281 23.14419703
 23.42098637 23.36612379 23.02787812 23.38894054 23.05076932 23.43038394
 23.46935782 22.82271316 23.12132046 23.38887216 23.22206096 22.95381119
 23.524776   23.10475987 23.37219935 22.9484778  23.42530694 23.14660772
 23.20279826 23.08196116 23.06452589 23.4668106  23.39283887 23.48155084
 23.29448008 23.29149598 22.38206749 23.36776184 23.39475431 23.2189606
 23.26609432 22.75895423 23.43923963 22.9774132  22.90491597 23.47045949
 22.95585303 22.82030437 23.10909805 23.43834689 22.91167264 23.51163973
 23.53439552 23.29061446 23.45986018 23.59561829 23.33313889 23.31348773
 23.35643674 23.03596778 23.10249131 23.25946515 23.09335489 22.86249921
 22.67348761 22.81685481 22.96468319 23.51661596]",0.2671461780437281,2023-09-14 14:45:58.703497
22,22,x1922c4s2b0n0,23.15553121332735,"[23.58873048 23.55192463 23.61128738 23.41536516 22.94354168 23.5867136
 22.81392676 23.51592469 23.39783336 23.46006657 23.17785819 23.56538363
 23.32511123 23.56364836 23.61226303 23.25987091 23.33164179 23.25655762
 23.22792694 23.23804766 22.9209942  22.98025135 23.47390289 23.54714138
 23.28708906 23.09702193 23.34069538 22.43177236 23.53162651 22.91685764
 23.31233281 22.77197567 23.61777001 23.55407427 23.05369205 22.48688031
 22.43397401 22.627058   22.56960608 22.55172803 22.48157214 22.38889511
 22.42573577 22.39328202 22.35823482 22.11728798 22.41247927 23.11624292
 23.20616356 23.10649495 22.97345417 23.40105012 23.39365973 23.45979138
 23.36216614 22.87014617 23.57128546 23.26704165 23.26562068 23.15571932
 23.55511455 22.9931308  23.4216035  23.05767878 22.83235344 23.40330923
 22.67207396 23.42078067 23.54707207 23.36953664 23.35391397 23.06831682
 23.41598199 23.47183673 23.31790465 23.16430149 22.85668572 23.30785008
 23.35343675 23.14125131 23.55525326 22.71069134 22.85374744 22.68840594
 23.37513587 23.52270088 23.40228231 23.30235092 23.29977195 23.4287371
 23.50134839 23.50908332 22.78689412 22.66963261 23.10089025 23.18101475
 23.21390745 23.25628719 23.33790367 23.45655845]",0.36903768199822834,2023-09-14 14:45:58.936099
23,23,x1922c4s3b0n0,23.26805120268893,"[23.90014519 23.50859974 22.72456127 23.27293038 23.54644831 23.50825434
 23.15384281 23.37349679 23.45298263 23.48541116 23.43107018 23.15183261
 23.13583046 23.56309313 23.40625357 23.37117516 22.9721348  22.97009007
 23.56989653 22.79195786 23.79550146 22.69001469 23.39215486 23.39728591
 23.47452281 23.5567792  22.6843529  23.42866849 23.35439121 23.46075456
 23.28458124 23.3011971  23.47431616 23.51177793 22.4359244  23.19331337
 22.92592062 22.88309883 23.55164729 23.64625207 23.43381558 23.52007291
 23.55705666 23.65149522 22.78118388 23.4518826  23.10829703 23.0050985
 23.22941076 23.34798419 23.57072987 22.99088411 23.20454809 22.42146182
 23.1679911  23.09448821 23.33170984 22.89272469 22.6548031  23.28078666
 23.33395557 23.53418782 23.04273563 23.28173519 22.85995137 23.45380773
 23.1490859  23.38996629 23.58122109 23.32402316 23.38579547 22.8869613
 23.51454227 22.96903487 23.43621833 23.1592721  23.24594794 23.41577638
 23.27780607 22.93229526 23.47693391 23.43560043 23.19721401 23.08216095
 23.3096158  23.10716235 23.47101037 23.25135294 23.57204944 23.18128343
 23.63011777 23.29183505 22.81171496 23.21559159 23.1657772  23.41084273
 23.3500286  23.30452312 23.39598583 23.54111308]",0.28237852674010744,2023-09-14 14:45:58.688358
24,24,x1922c4s5b0n0,23.11371408622135,"[23.38271959 23.18612079 23.2767224  23.0546886  23.36714754 23.44123137
 22.84219753 22.42598723 23.33858451 23.42304359 23.24621813 23.12432795
 23.40954114 23.19364958 23.2563548  22.60621388 23.25466474 23.2234092
 23.32721966 23.18007441 23.18497845 23.38620565 23.15813241 23.29888981
 23.33184593 23.03165701 23.26480878 22.83567732 23.24446201 23.32946453
 23.08469196 23.24919064 22.64108224 23.31124593 23.21410954 22.81835166
 22.70334392 23.13562974 23.3450545  23.32245924 23.15317271 22.99788994
 22.54626211 22.87786367 22.82922598 23.11443959 23.12526377 22.96699069
 23.28783473 23.27435225 23.37110688 23.34212553 22.66899024 22.68165168
 23.30635623 23.27523253 23.3522097  22.81509789 23.14031419 23.21148272
 22.88100448 22.5915948  23.29841483 22.6152885  23.32545127 23.12934217
 22.81887235 22.87995744 23.21545685 22.83287477 23.12105316 23.13536211
 23.12352588 23.1537758  23.26704165 22.67695823 23.34750722 22.56069532
 23.01462867 23.38237787 23.30323332 22.45242191 23.20010672 22.93367581
 22.90826101 23.32694758 22.97015602 23.37923456 23.3594375  23.2088565
 22.59714655 23.02191398 23.25676045 23.31036291 22.97879919 23.43573774
 23.32157537 23.37076551 23.3152543  23.56031736]",0.2609001866661195,2023-09-14 14:45:58.929752
25,25,x1922c4s7b0n0,23.255763014206646,"[23.13783788 23.47348963 23.20178886 23.44968284 23.25351564 23.27482624
 22.47216261 23.30581305 23.24824476 23.25919465 23.34403268 23.36523662
 22.65570131 23.31634155 23.04094376 23.36516838 23.42990359 23.32252723
 23.15109563 23.07683432 23.37308706 23.52567533 23.07131054 23.05256272
 22.54403837 23.23156938 23.286479   23.16919887 23.13890865 23.27347202
 23.14058193 23.44480361 22.76173866 23.49755185 22.88709225 22.82583885
 23.38928245 23.33558911 23.34580388 23.40221385 23.383198   23.28641121
 23.41988934 23.12773738 23.38627401 23.47652054 23.29292012 23.4046786
 23.3775266  23.46364455 23.26758302 23.33647403 23.40960964 22.83861096
 23.45477041 23.25642241 23.24527249 23.40324076 23.35316406 23.37499927
 23.5574035  23.51882829 23.3522097  23.37745829 23.34457764 23.47769179
 23.010723   23.13288687 23.46687943 23.4415748  22.99471696 23.06552339
 23.27719649 23.28600453 23.35834623 23.46605342 23.33987822 23.30065417
 23.27611289 23.31824449 23.49134197 23.1474114  23.41063721 23.49327358
 23.2234092  23.42770795 23.33055311 23.25649001 23.0244318  23.47672723
 23.45882829 22.55865956 23.45855314 22.68261633 22.89128357 23.48079271
 23.12045177 23.19681044 23.17819396 23.5050771 ]",0.22757533574363142,2023-09-14 14:45:58.607399
26,26,x1922c5s0b0n0,23.2202844479341,"[23.26230576 23.43148195 23.27042562 23.39947585 23.37923456 23.4492017
 23.49196281 23.42009503 23.40639053 23.48244687 23.43814089 22.76970718
 23.51696161 23.30547358 23.41358339 23.38483844 22.9403179  23.3933861
 23.30438734 23.17899983 23.0995562  23.45580194 23.28254827 22.81464244
 22.98870393 23.12967653 23.26636498 23.39899677 23.25040688 23.22758973
 23.22273506 23.55039933 23.24014037 23.27096714 23.16363078 23.34280662
 23.3933861  22.98209982 23.46185542 22.52759631 23.31572996 22.83163666
 23.35275504 23.12386007 23.38647911 23.39194966 22.99346123 22.94525263
 23.3214394  23.29075008 23.42324933 23.40741781 23.28281932 23.21700646
 23.19284269 23.39071856 23.3155261  23.17671667 22.94709547 22.97220077
 23.28553008 23.22421821 23.3186523  23.41515956 23.12492954 23.52816616
 23.18390342 23.29665082 23.17523957 23.37861967 23.17651524 23.34232986
 23.13462617 22.96929866 23.52048781 22.93209806 23.25770702 23.30703523
 23.28959741 23.30418368 22.37480597 23.32354716 23.03683013 23.24358404
 22.90780182 23.38784651 23.15920506 22.6957437  23.42434668 23.12158776
 23.33681441 22.82036946 23.27794153 23.2255667  22.58062695 23.25790987
 23.21491791 23.12673451 23.04565633 23.31403126]",0.22269342367588896,2023-09-14 14:45:58.145943
27,27,x1922c5s2b0n0,23.413548293909802,"[23.92795293 23.79330754 23.16711891 23.82427217 23.54367646 23.78425304
 23.08782319 23.59972506 23.80364374 23.80350209 23.05063649 23.30839335
 23.38278793 23.61658475 23.61567845 23.19364958 23.45415153 23.53543407
 23.31749687 23.60912729 23.4973448  23.75388599 22.74510696 23.09302158
 23.6734718  23.6652083  22.79910286 23.64017293 23.05508725 23.5141967
 23.34948339 23.65883953 23.67585388 23.54208294 23.16349665 23.65415263
 23.46281876 23.37336021 23.74690548 23.35098278 23.69415584 23.56871606
 23.42084924 23.70777793 23.49189383 23.41632469 23.44652142 23.28173519
 22.92486947 23.36496365 23.57545324 23.46639759 23.61846728 23.19096016
 22.60563898 23.06073621 23.52574452 23.36271194 23.36448598 23.53280326
 23.34335152 23.46543395 23.0689155  23.71719615 23.11397211 23.52532943
 23.69506817 23.56788287 23.44102531 23.50404123 23.70812922 23.14808117
 23.61323876 23.02118525 23.60007316 23.35480029 23.45930983 23.1537758
 23.08469196 23.68861318 23.64017293 23.54090527 22.92578922 23.0729075
 23.11423924 23.67375202 23.65366307 23.22947821 22.88421161 23.26372633
 23.52830455 23.61024212 23.56462008 22.63557293 23.0376262  22.97992129
 23.57378595 23.47183673 23.56073368 23.66422827]",0.2809236084266123,2023-09-14 14:45:59.165533
28,28,x1922c5s3b0n0,23.37296450164548,"[23.52021121 22.68789119 23.52277004 23.13174977 22.70489035 23.54111308
 23.27387827 23.44968284 23.41879241 23.56239912 23.64765001 23.4677055
 22.74303779 23.5097051  23.28220948 23.31111008 23.04326661 23.27523253
 22.81347135 23.34934709 23.42194636 23.42667889 23.38634238 23.48968656
 23.55407427 23.52387673 23.34028679 23.18168647 23.51640857 23.53162651
 23.61163581 23.39099213 23.15518314 23.59408732 23.06539038 23.64122083
 23.44253648 23.57691231 23.47962116 23.63067616 23.43573774 23.60000354
 23.65772011 22.62654603 23.4505077  23.50404123 23.56364836 23.35173255
 23.44521586 22.82668554 23.35152807 23.50155551 22.70933751 23.67137037
 23.55130062 23.41324077 23.44913297 23.31199315 23.47459169 23.54721069
 23.56309313 23.49079014 23.34839305 23.32177934 23.21242561 23.59937698
 23.11083378 23.52007291 23.64716071 23.56586955 23.45002653 23.75614319
 23.03908581 23.55351948 23.38791488 23.46866933 23.54831968 23.29699003
 23.58115159 23.39680692 23.53709593 23.06558989 22.7055992  23.08862279
 23.47548719 23.27651923 23.30479467 23.1177125  23.42962911 23.43340373
 23.31790465 23.10462641 23.52194009 23.54145945 23.50770171 23.51412758
 23.45910345 23.52996541 23.55435167 23.29230975]",0.24561472675739202,2023-09-14 14:45:58.528442
29,29,x1922c5s5b0n0,23.040078242737906,"[22.70257078 22.69387662 22.72436762 23.10269146 22.58215671 23.50500804
 22.28728872 23.28708906 22.82329916 23.23818266 22.68216615 23.42290643
 22.86877326 23.34641705 22.2610554  22.90242422 23.01290736 23.03835598
 22.69046518 23.20771192 22.97662129 23.20400965 23.23872268 22.91410076
 23.25858605 22.73398959 23.18484407 22.5434031  23.32368316 22.55910485
 23.27306579 22.66905447 23.30662782 23.161753   22.64569675 23.09295492
 23.13462617 22.95361362 23.19237203 23.35527756 22.60161545 23.42084924
 23.25912703 23.13429167 22.65024901 22.68126584 23.15397684 22.64890238
 23.32517924 22.91121332 23.48513538 23.10035661 23.10422605 23.13074654
 23.25459714 22.95736817 22.49725112 23.248515   23.30235092 23.14091661
 22.96540835 23.14814815 22.53083204 22.64229978 23.31960392 23.05455572
 23.31545815 22.78384398 23.21114599 22.58126432 23.33572525 23.18618799
 23.08915589 23.15256965 23.25513793 23.24594794 23.22543185 23.26217048
 23.19425478 23.14968878 23.03172332 23.12713565 22.71701135 23.24034291
 22.80098728 23.03384536 22.40977963 23.21094396 23.36946837 23.46102976
 23.22455532 23.21538948 23.33749519 23.29766849 23.23987032 23.01840321
 23.27739968 22.9931308  23.01648268 23.22637587]",0.28562757212643924,2023-09-14 14:45:58.803201
30,30,x1922c5s7b0n0,23.44571609736321,"[23.71635242 23.48520432 23.58747859 23.23528045 23.40125548 23.71719615
 23.19546529 23.57503639 23.58664406 23.6734718  23.5323187  23.65226441
 23.71332956 23.18961569 23.57510587 23.40714386 23.80286467 23.35561849
 23.57566167 23.56531421 23.44281126 23.38962436 23.58886959 23.61184488
 23.13021153 23.59485278 22.97404794 23.52892735 23.50390312 23.52498353
 23.64247844 23.74401577 23.58831317 23.41269261 23.29583674 23.55580813
 23.53176494 23.56823003 23.71030746 23.59158252 23.40269306 23.28024468
 23.2157937  22.97187094 23.38668421 23.63730913 23.50977419 23.56739686
 23.46075456 23.10596105 23.53501864 23.1806789  23.36032424 23.51633945
 23.61609673 23.38292462 23.71255639 23.43141332 23.49175586 23.17275579
 23.54804242 23.58629636 23.45126388 23.38299296 23.55809721 22.63390786
 23.54464654 23.4582092  22.74161545 23.161753   23.38271959 23.64562305
 23.38552202 22.78267605 23.59415691 23.61442369 23.59199995 23.49589556
 23.19835756 23.52948097 23.55532262 23.4423991  23.49354955 23.3683079
 23.48713492 23.43045256 23.58066503 23.5399355  22.93926543 23.59916813
 22.99557623 23.56642491 23.53640346 23.50459368 23.62293078 23.47156127
 23.57844105 23.74866785 22.88925321 23.52180177]",0.22667080492908648,2023-09-14 14:45:58.732528
31,31,x1922c6s0b0n0,23.321956080559726,"[23.76920106 23.63982365 23.08635741 23.37588719 23.53100357 23.58615728
 23.37151655 23.35459575 23.333275   23.69843738 23.56649434 23.09348821
 23.61421458 23.36858094 23.66506829 23.57510587 23.61038148 23.29163161
 23.57767666 23.68019891 23.38695768 23.54887422 23.27719649 23.31824449
 23.35971034 23.52456847 23.03026465 23.5696882  23.46825625 23.46199304
 23.5596929  23.38935083 23.20952983 23.47149241 23.44693373 23.54984472
 22.69613003 23.02522701 23.47018406 23.15672471 23.70784819 23.42379799
 23.11998405 23.45277637 23.59422649 23.09015551 23.62272151 23.62272151
 23.2199715  23.52297754 23.09342155 23.02310657 23.11470673 23.24257109
 23.56038674 23.35875545 23.42036928 23.58400179 23.48182653 23.5652448
 23.29136036 22.97391599 23.63249113 22.57775921 23.48830723 22.77223495
 23.52685149 23.5129527  23.46873817 23.11751209 22.96857325 23.69029675
 23.33028095 23.1013572  23.42921741 22.98441082 23.36093818 23.03862137
 23.03251904 23.12446163 23.4968617  22.62129965 22.75099322 23.5080471
 22.89357635 22.70953091 23.10622799 23.11343786 23.23993783 23.02105275
 23.00139446 23.15739502 23.17980575 23.25358323 23.55351948 23.35977855
 22.89501776 23.44349824 23.43711091 23.49920837]",0.2685065005248887,2023-09-14 14:45:57.966848
